X;Nome.questao;percentual;n;num.tema
10;01_medida_probabilidade_10.Rnw;0,72;164;1
8;01_medida_probabilidade_08.Rnw;0,69;61;1
2;01_medida_probabilidade_02.Rnw;0,63;191;1
9;01_medida_probabilidade_09.Rnw;0,6;173;1
6;01_medida_probabilidade_06.Rnw;0,56;70;1
7;01_medida_probabilidade_07.Rnw;0,46;139;1
3;01_medida_probabilidade_03.Rnw;0,44;200;1
5;01_medida_probabilidade_05.Rnw;0,4;NA;1
4;01_medida_probabilidade_04.Rnw;0,37;226;1
1;01_medida_probabilidade_01.Rnw;0,36;158;1
14;02_propriedade_probabilidade_04.Rnw;0,71;185;2
20;02_propriedade_probabilidade_10.Rnw;0,59;158;2
19;02_propriedade_probabilidade_09.Rnw;0,51;117;2
12;02_propriedade_probabilidade_02.Rnw;0,51;88;2
17;02_propriedade_probabilidade_07.Rnw;0,44;190;2
13;02_propriedade_probabilidade_03.Rnw;0,42;80;2
18;02_propriedade_probabilidade_08.Rnw;0,42;49;2
11;02_propriedade_probabilidade_01.Rnw;0,36;130;2
16;02_propriedade_probabilidade_06.Rnw;0,36;234;2
15;02_propriedade_probabilidade_05.Rnw;0,36;151;2
27;03_probabilidade_total_07.Rnw;0,77;185;3
22;03_probabilidade_total_02.Rnw;0,74;57;3
21;03_probabilidade_total_01.Rnw;0,71;106;3
26;03_probabilidade_total_06.Rnw;0,71;226;3
23;03_probabilidade_total_03.Rnw;0,69;130;3
28;03_probabilidade_total_08.Rnw;0,68;135;3
30;03_probabilidade_total_10.Rnw;0,68;87;3
29;03_probabilidade_total_09.Rnw;0,68;168;3
25;03_probabilidade_total_05.Rnw;0,62;164;3
24;03_probabilidade_total_04.Rnw;0,52;124;3
31;04_teorema_Bayes_01.Rnw;0,68;166;4
34;04_teorema_Bayes_04.Rnw;0,61;57;4
36;04_teorema_Bayes_06.Rnw;0,61;213;4
39;04_teorema_Bayes_09.Rnw;0,61;246;4
37;04_teorema_Bayes_07.Rnw;0,57;199;4
32;04_teorema_Bayes_02.Rnw;0,55;93;4
40;04_teorema_Bayes_10.Rnw;0,5;74;4
33;04_teorema_Bayes_03.Rnw;0,5;49;4
38;04_teorema_Bayes_08.Rnw;0,38;149;4
35;04_teorema_Bayes_05.Rnw;0,34;136;4
50;05_variaveis_aleatorias_10.Rnw;0,84;97;5
47;05_variaveis_aleatorias_07.Rnw;0,72;166;5
45;05_variaveis_aleatorias_05.Rnw;0,69;219;5
41;05_variaveis_aleatorias_01.Rnw;0,65;155;5
48;05_variaveis_aleatorias_08.Rnw;0,63;363;5
49;05_variaveis_aleatorias_09.Rnw;0,6;181;5
46;05_variaveis_aleatorias_06.Rnw;0,6;37;5
42;05_variaveis_aleatorias_02.Rnw;0,6;NA;5
43;05_variaveis_aleatorias_03.Rnw;0,44;113;5
44;05_variaveis_aleatorias_04.Rnw;0,37;51;5
59;06_distribuicao_binomial_09.Rnw;0,68;167;6
60;06_distribuicao_binomial_10.Rnw;0,68;236;6
54;06_distribuicao_binomial_04.Rnw;0,55;213;6
51;06_distribuicao_binomial_01.Rnw;0,48;NA;6
52;06_distribuicao_binomial_02.Rnw;0,47;86;6
56;06_distribuicao_binomial_06.Rnw;0,47;177;6
55;06_distribuicao_binomial_05.Rnw;0,42;118;6
58;06_distribuicao_binomial_08.Rnw;0,42;208;6
53;06_distribuicao_binomial_03.Rnw;0,42;49;6
57;06_distribuicao_binomial_07.Rnw;0,3;128;6
61;07_distribuicao_geometrica_01.Rnw;0,77;172;7
66;07_distribuicao_geometrica_06.Rnw;0,62;218;7
68;07_distribuicao_geometrica_08.Rnw;0,61;72;7
69;07_distribuicao_geometrica_09.Rnw;0,6;200;7
63;07_distribuicao_geometrica_03.Rnw;0,57;229;7
70;07_distribuicao_geometrica_10.Rnw;0,57;50;7
64;07_distribuicao_geometrica_04.Rnw;0,46;162;7
65;07_distribuicao_geometrica_05.Rnw;0,4;56;7
67;07_distribuicao_geometrica_07.Rnw;0,4;118;7
62;07_distribuicao_geometrica_02.Rnw;0,34;105;7
80;08_distribuicao_hipergeometrica_10.Rnw;0,79;155;8
79;08_distribuicao_hipergeometrica_09.Rnw;0,62;102;8
73;08_distribuicao_hipergeometrica_03.Rnw;0,61;129;8
76;08_distribuicao_hipergeometrica_06.Rnw;0,61;313;8
71;08_distribuicao_hipergeometrica_01.Rnw;0,53;104;8
74;08_distribuicao_hipergeometrica_04.Rnw;0,44;223;8
72;08_distribuicao_hipergeometrica_02.Rnw;0,41;34;8
77;08_distribuicao_hipergeometrica_07.Rnw;0,41;201;8
75;08_distribuicao_hipergeometrica_05.Rnw;0,41;88;8
78;08_distribuicao_hipergeometrica_08.Rnw;0,35;33;8
84;09_distribuicao_poisson_04.Rnw;0,75;20;9
89;09_distribuicao_poisson_09.Rnw;0,59;51;9
90;09_distribuicao_poisson_10.Rnw;0,5;171;9
88;09_distribuicao_poisson_08.Rnw;0,5;140;9
81;09_distribuicao_poisson_01.Rnw;0,5;126;9
85;09_distribuicao_poisson_05.Rnw;0,46;176;9
87;09_distribuicao_poisson_07.Rnw;0,43;152;9
82;09_distribuicao_poisson_02.Rnw;0,38;254;9
86;09_distribuicao_poisson_06.Rnw;0,38;125;9
83;09_distribuicao_poisson_03.Rnw;0,38;167;9
95;10_aproximacao_poisson_binomial_05.Rnw;0,61;122;10
92;10_aproximacao_poisson_binomial_02.Rnw;0,57;90;10
96;10_aproximacao_poisson_binomial_06.Rnw;0,57;105;10
93;10_aproximacao_poisson_binomial_03.Rnw;0,57;154;10
94;10_aproximacao_poisson_binomial_04.Rnw;0,57;164;10
97;10_aproximacao_poisson_binomial_07.Rnw;0,46;57;10
98;10_aproximacao_poisson_binomial_08.Rnw;0,4;221;10
99;10_aproximacao_poisson_binomial_09.Rnw;0,4;237;10
100;10_aproximacao_poisson_binomial_10.Rnw;0,4;54;10
91;10_aproximacao_poisson_binomial_01.Rnw;0,4;178;10
109;11_funcao_densidade_09.Rnw;0,74;100;11
108;11_funcao_densidade_08.Rnw;0,68;97;11
105;11_funcao_densidade_05.Rnw;0,6;186;11
107;11_funcao_densidade_07.Rnw;0,6;132;11
104;11_funcao_densidade_04.Rnw;0,57;257;11
110;11_funcao_densidade_10.Rnw;0,53;35;11
103;11_funcao_densidade_03.Rnw;0,53;118;11
102;11_funcao_densidade_02.Rnw;0,53;55;11
106;11_funcao_densidade_06.Rnw;0,37;115;11
101;11_funcao_densidade_01.Rnw;0,32;200;11
118;12_distribuicao_acumulada_08.Rnw;0,67;86;12
117;12_distribuicao_acumulada_07.Rnw;0,63;131;12
119;12_distribuicao_acumulada_09.Rnw;0,63;130;12
115;12_distribuicao_acumulada_05.Rnw;0,63;29;12
120;12_distribuicao_acumulada_10.Rnw;0,52;137;12
113;12_distribuicao_acumulada_03.Rnw;0,52;172;12
111;12_distribuicao_acumulada_01.Rnw;0,52;35;12
114;12_distribuicao_acumulada_04.Rnw;0,47;109;12
116;12_distribuicao_acumulada_06.Rnw;0,43;326;12
112;12_distribuicao_acumulada_02.Rnw;0,39;140;12
127;13_momentos_07.Rnw;0,65;203;13
121;13_momentos_01.Rnw;0,5;164;13
123;13_momentos_03.Rnw;0,5;53;13
125;13_momentos_05.Rnw;0,5;36;13
130;13_momentos_10.Rnw;0,5;135;13
124;13_momentos_04.Rnw;0,45;54;13
122;13_momentos_02.Rnw;0,4;86;13
129;13_momentos_09.Rnw;0,4;190;13
126;13_momentos_06.Rnw;0,4;197;13
128;13_momentos_08.Rnw;0;177;13
132;14_distribuicao_exponencial_02.Rnw;0,58;102;14
138;14_distribuicao_exponencial_08.Rnw;0,5;133;14
137;14_distribuicao_exponencial_07.Rnw;0,5;313;14
139;14_distribuicao_exponencial_09.Rnw;0,5;83;14
136;14_distribuicao_exponencial_06.Rnw;0,5;76;14
140;14_distribuicao_exponencial_10.Rnw;0,42;100;14
131;14_distribuicao_exponencial_01.Rnw;0,42;80;14
133;14_distribuicao_exponencial_03.Rnw;0,42;132;14
134;14_distribuicao_exponencial_04.Rnw;0,42;233;14
135;14_distribuicao_exponencial_05.Rnw;0,4;43;14
148;15_distribuicao_normal_08.Rnw;0,52;189;15
142;15_distribuicao_normal_02.Rnw;0,36;47;15
147;15_distribuicao_normal_07.Rnw;0,36;89;15
146;15_distribuicao_normal_06.Rnw;0,36;224;15
149;15_distribuicao_normal_09.Rnw;0,36;56;15
150;15_distribuicao_normal_10.Rnw;0,36;187;15
141;15_distribuicao_normal_01.Rnw;0,36;150;15
143;15_distribuicao_normal_03.Rnw;0,36;172;15
144;15_distribuicao_normal_04.Rnw;0,36;111;15
145;15_distribuicao_normal_05.Rnw;0,36;70;15
153;16_aproximacao_normal_binomial_03.Rnw;0,44;187;16
157;16_aproximacao_normal_binomial_07.Rnw;0,44;167;16
151;16_aproximacao_normal_binomial_01.Rnw;0,42;123;16
159;16_aproximacao_normal_binomial_09.Rnw;0,42;161;16
158;16_aproximacao_normal_binomial_08.Rnw;0,42;144;16
154;16_aproximacao_normal_binomial_04.Rnw;0,37;156;16
155;16_aproximacao_normal_binomial_05.Rnw;0,37;30;16
160;16_aproximacao_normal_binomial_10.Rnw;0,37;142;16
152;16_aproximacao_normal_binomial_02.Rnw;0,32;76;16
156;16_aproximacao_normal_binomial_06.Rnw;0,32;109;16
161;17_distribuicao_condicional_01.Rnw;0,63;138;17
165;17_distribuicao_condicional_05.Rnw;0,57;98;17
163;17_distribuicao_condicional_03.Rnw;0,53;206;17
170;17_distribuicao_condicional_10.Rnw;0,53;96;17
168;17_distribuicao_condicional_08.Rnw;0,53;NA;17
166;17_distribuicao_condicional_06.Rnw;0,49;147;17
169;17_distribuicao_condicional_09.Rnw;0,49;79;17
162;17_distribuicao_condicional_02.Rnw;0,45;185;17
164;17_distribuicao_condicional_04.Rnw;0,42;246;17
167;17_distribuicao_condicional_07.Rnw;0,38;100;17
174;18_covariancia_correlacao_04.Rnw;0,6;321;18
177;18_covariancia_correlacao_07.Rnw;0,6;157;18
180;18_covariancia_correlacao_10.Rnw;0,53;43;18
173;18_covariancia_correlacao_03.Rnw;0,53;172;18
171;18_covariancia_correlacao_01.Rnw;0,51;105;18
176;18_covariancia_correlacao_06.Rnw;0,51;47;18
172;18_covariancia_correlacao_02.Rnw;0,51;86;18
178;18_covariancia_correlacao_08.Rnw;0,47;95;18
175;18_covariancia_correlacao_05.Rnw;0,47;194;18
179;18_covariancia_correlacao_09.Rnw;0;75;18
184;19_distribuicao_media_04.Rnw;0,46;111;19
187;19_distribuicao_media_07.Rnw;0,42;125;19
181;19_distribuicao_media_01.Rnw;0,42;153;19
182;19_distribuicao_media_02.Rnw;0,41;93;19
183;19_distribuicao_media_03.Rnw;0,41;71;19
186;19_distribuicao_media_06.Rnw;0,41;139;19
190;19_distribuicao_media_10.Rnw;0,33;75;19
185;19_distribuicao_media_05.Rnw;0,32;154;19
188;19_distribuicao_media_08.Rnw;0,32;137;19
189;19_distribuicao_media_09.Rnw;0,32;237;19
195;20_distribuicao_proporcao_05.Rnw;0,56;180;20
197;20_distribuicao_proporcao_07.Rnw;0,5;103;20
192;20_distribuicao_proporcao_02.Rnw;0,44;134;20
200;20_distribuicao_proporcao_10.Rnw;0,44;186;20
198;20_distribuicao_proporcao_08.Rnw;0,44;128;20
191;20_distribuicao_proporcao_01.Rnw;0,44;69;20
196;20_distribuicao_proporcao_06.Rnw;0,44;146;20
199;20_distribuicao_proporcao_09.Rnw;0,32;161;20
193;20_distribuicao_proporcao_03.Rnw;0,32;85;20
194;20_distribuicao_proporcao_04.Rnw;0,32;103;20
206;21_maxima_verossimilhanca_06.Rnw;0,47;261;21
203;21_maxima_verossimilhanca_03.Rnw;0,41;187;21
207;21_maxima_verossimilhanca_07.Rnw;0,41;175;21
208;21_maxima_verossimilhanca_08.Rnw;0,41;45;21
210;21_maxima_verossimilhanca_10.Rnw;0,41;74;21
204;21_maxima_verossimilhanca_04.Rnw;0,33;194;21
201;21_maxima_verossimilhanca_01.Rnw;0,33;76;21
202;21_maxima_verossimilhanca_02.Rnw;0,33;35;21
205;21_maxima_verossimilhanca_05.Rnw;0,33;46;21
209;21_maxima_verossimilhanca_09.Rnw;0,33;112;21
217;22_IC_media_normal_07.Rnw;0,78;49;22
214;22_IC_media_normal_04.Rnw;0,69;400;22
215;22_IC_media_normal_05.Rnw;0,69;182;22
213;22_IC_media_normal_03.Rnw;0,67;161;22
216;22_IC_media_normal_06.Rnw;0,67;NA;22
212;22_IC_media_normal_02.Rnw;0,65;49;22
219;22_IC_media_normal_09.Rnw;0,65;34;22
211;22_IC_media_normal_01.Rnw;0,64;67;22
218;22_IC_media_normal_08.Rnw;0,64;132;22
220;22_IC_media_normal_10.Rnw;0,64;131;22
225;23_IC_media_t_05.Rnw;0,68;193;23
229;23_IC_media_t_09.Rnw;0,68;66;23
226;23_IC_media_t_06.Rnw;0,64;178;23
228;23_IC_media_t_08.Rnw;0,6;172;23
222;23_IC_media_t_02.Rnw;0,6;94;23
230;23_IC_media_t_10.Rnw;0,6;221;23
221;23_IC_media_t_01.Rnw;0,55;86;23
224;23_IC_media_t_04.Rnw;0,55;122;23
227;23_IC_media_t_07.Rnw;0,4;35;23
223;23_IC_media_t_03.Rnw;0,4;38;23
238;24_IC_proporcao_08.Rnw;0,75;51;24
231;24_IC_proporcao_01.Rnw;0,7;204;24
240;24_IC_proporcao_10.Rnw;0,7;10;24
239;24_IC_proporcao_09.Rnw;0,7;72;24
236;24_IC_proporcao_06.Rnw;0,67;286;24
237;24_IC_proporcao_07.Rnw;0,67;NA;24
234;24_IC_proporcao_04.Rnw;0,65;55;24
235;24_IC_proporcao_05.Rnw;0,65;271;24
233;24_IC_proporcao_03.Rnw;0,65;145;24
232;24_IC_proporcao_02.Rnw;0,58;111;24
245;25_TH_media_05.Rnw;0,54;142;25
243;25_TH_media_03.Rnw;0,5;121;25
249;25_TH_media_09.Rnw;0,5;349;25
244;25_TH_media_04.Rnw;0,5;NA;25
242;25_TH_media_02.Rnw;0,5;37;25
247;25_TH_media_07.Rnw;0,45;176;25
246;25_TH_media_06.Rnw;0,45;159;25
248;25_TH_media_08.Rnw;0,45;51;25
241;25_TH_media_01.Rnw;0,41;38;25
250;25_TH_media_10.Rnw;0,41;132;25
253;26_tamanho_media_03.Rnw;0,73;59;26
251;26_tamanho_media_01.Rnw;0,69;163;26
260;26_tamanho_media_10.Rnw;0,66;155;26
255;26_tamanho_media_05.Rnw;0,63;274;26
259;26_tamanho_media_09.Rnw;0,63;NA;26
252;26_tamanho_media_02.Rnw;0,63;79;26
257;26_tamanho_media_07.Rnw;0,63;118;26
258;26_tamanho_media_08.Rnw;0,63;253;26
254;26_tamanho_media_04.Rnw;0,59;83;26
256;26_tamanho_media_06.Rnw;0,52;21;26
264;27_TH_proporcao_04.Rnw;0,6;231;27
266;27_TH_proporcao_06.Rnw;0,6;210;27
270;27_TH_proporcao_10.Rnw;0,49;79;27
262;27_TH_proporcao_02.Rnw;0,43;35;27
263;27_TH_proporcao_03.Rnw;0,43;237;27
261;27_TH_proporcao_01.Rnw;0,39;37;27
267;27_TH_proporcao_07.Rnw;0,39;89;27
268;27_TH_proporcao_08.Rnw;0,39;85;27
265;27_TH_proporcao_05.Rnw;0,39;108;27
269;27_TH_proporcao_09.Rnw;0,37;94;27
271;28_pvalor_media_01.Rnw;0,69;109;28
275;28_pvalor_media_05.Rnw;0,59;172;28
272;28_pvalor_media_02.Rnw;0,56;429;28
278;28_pvalor_media_08.Rnw;0,47;NA;28
280;28_pvalor_media_10.Rnw;0,47;NA;28
274;28_pvalor_media_04.Rnw;0,47;79;28
273;28_pvalor_media_03.Rnw;0,39;178;28
276;28_pvalor_media_06.Rnw;0,39;93;28
277;28_pvalor_media_07.Rnw;0,35;87;28
279;28_pvalor_media_09.Rnw;0,35;58;28
289;29_tamanho_prop_09.Rnw;0,68;26;29
282;29_tamanho_prop_02.Rnw;0,68;159;29
284;29_tamanho_prop_04.Rnw;0,64;334;29
290;29_tamanho_prop_10.Rnw;0,64;203;29
288;29_tamanho_prop_08.Rnw;0,64;51;29
287;29_tamanho_prop_07.Rnw;0,6;29;29
286;29_tamanho_prop_06.Rnw;0,6;114;29
281;29_tamanho_prop_01.Rnw;0,6;135;29
283;29_tamanho_prop_03.Rnw;0,6;18;29
285;29_tamanho_prop_05.Rnw;0,54;136;29
291;30_pvalor_proporcao_01.Rnw;0,54;409;30
297;30_pvalor_proporcao_07.Rnw;0,52;65;30
292;30_pvalor_proporcao_02.Rnw;0,49;194;30
298;30_pvalor_proporcao_08.Rnw;0,45;210;30
300;30_pvalor_proporcao_10.Rnw;0,45;NA;30
293;30_pvalor_proporcao_03.Rnw;0,45;122;30
299;30_pvalor_proporcao_09.Rnw;0,45;NA;30
294;30_pvalor_proporcao_04.Rnw;0,39;75;30
295;30_pvalor_proporcao_05.Rnw;0,39;93;30
296;30_pvalor_proporcao_06.Rnw;0,39;37;30
